Country Name,1960,1961,1962,1963,1964,1965,1966,1967,1968,1969,1970,1971,1972,1973,1974,1975,1976,1977,1978,1979,1980,1981,1982,1983,1984,1985,1986,1987,1988,1989,1990,1991,1992,1993,1994,1995,1996,1997,1998,1999,2000,2001,2002,2003,2004,2005,2006,2007,2008,2009,2010,2011,2012,2013,2014,2015,2016,2017,2018,2019,2020,2021
Aruba,,,,,,,,,,,,,,,,,,,,,,,,,,,,,,,100,99.9241333,99.96606445,99.99035645,100,100,100,100,100,100,100,100,100,100,100,100,100,100,100,100,100,100,100,100,100,100,100,100,100,100,100,
Africa Eastern and Southern,,,,,,,,,,,,,,,,,,,,,,,,,,,,,,,,,,,,,,,,,53.68412766,53.24095386,55.35349736,56.30586715,57.04106598,58.11285144,58.66473523,60.83068327,59.00518947,61.34197099,63.14394933,66.04043834,66.82084075,66.95833613,66.14683356,66.93647887,68.97783822,70.7717296,71.69242679,73.16486287,73.77567524,
Afghanistan,,,,,,,,,,,,,,,,,,,,,,,,,,,,,,,,,,,,,,,,,72.13346863,73.59903717,75.0632782,76.53313446,78.01555634,74,81.04376984,82.59082031,89.90000153,85.72447205,82.80000305,86.56777954,95,92.25904846,98.69999695,92.5,99.5,99.5,99.62602234,99.5,99.5,
Africa Western and Central,,,,,,,,,,,,,,,,,,,,,,,,,,,,,,,,,,76.27832429,76.32980967,76.13194463,73.05271668,72.46053578,73.08116245,72.82027015,71.47257931,72.20944922,72.23356853,73.23736834,73.22286717,73.91262886,74.61499472,76.12864697,75.57817941,75.39731502,74.2081081,79.32528925,78.63078539,78.77709502,79.46863699,78.19041966,81.51313823,,,,83.16540234,
Angola,,,,,,,,,,,,,,,,,,,,,,,,,,,,,,,,,,,,,,,,,44.81760406,30,47.58462906,48.97309875,50.37413025,51.7946701,53.23956299,66.09999847,61.31000137,57.67609406,73.71856689,82.5,70.46347046,68.66222382,51,64,67.9733963,69.41117096,65.26999664,72.27718353,73.70891571,
Albania,,,,,,,,,,,,,,,,,,,,,,,,,,,,,,,100,100,100,100,100,100,100,100,100,100,100,100,100,100,100,100,100,100,100,100,100,100,99.90000153,100,100,100,100,100,100,100,100,
Andorra,,,,,,,,,,,,,,,,,,,,,,,,,,,,,,,100,100,100,100,100,100,100,100,100,100,100,100,100,100,100,100,100,100,100,100,100,100,100,100,100,100,100,100,100,100,100,
Arab World,,,,,,,,,,,,,,,,,,,,,,,,,,,,,,,,,,,,,,,,,95.02143956,94.49961689,94.50185273,94.68648917,94.78173237,94.72962464,95.48840819,95.23797625,94.58083829,95.21504285,96.97459879,97.1046827,97.08353906,97.3361373,96.94759528,97.08089218,97.306846,97.51269644,97.60167352,98.28216653,97.52017756,
United Arab Emirates,,,,,,,,,,,,,,,,,,,,,,,,,,,,,,,100,100,100,100,100,100,100,100,100,100,100,100,100,100,100,100,100,100,100,100,100,100,100,100,100,100,100,100,100,100,100,
Argentina,,,,,,,,,,,,,,,,,,,,,,,,,,,,,,,94.1390152,94.41311646,94.68669891,94.9571228,95.22122955,95.47585297,95.7178421,95.94403839,96.15126801,96.33807373,96.4752121,96.63759613,96.79866028,96.96533966,97.14458466,97.34333801,97.5664444,97.81031036,98.06926727,98.33760834,99.09142303,99.41663361,99.67237091,99.78914642,100,99.86068726,99.94213104,100,100,100,100,
Armenia,,,,,,,,,,,,,,,,,,,,,,,,,,,,,,,,,,,,,,,,,99.09999847,100,99.28139496,99.25617981,99.24353027,99.90000153,99.28160095,99.33358002,99.40063477,99.47708893,99.69999695,99.63542938,99.7906723,99.41000366,99.66000366,100,99.80000305,99.80000305,99.90000153,100,99.95941162,
American Samoa,,,,,,,,,,,,,,,,,,,,,,,,,,,,,,,,,,,,,,,,,,,,,,,,,,,,,,,,,,,,,,
Antigua and Barbuda,,,,,,,,,,,,,,,,,,,,,,,,,,,,,,,100,100,100,100,100,100,100,100,100,100,100,99.99794006,100,99.95860291,99.92212677,100,100,100,100,99.94515991,99.97457123,99.99261475,100,100,100,100,100,100,100,100,100,
Australia,,,,,,,,,,,,,,,,,,,,,,,,,,,,,,,100,100,100,100,100,100,100,100,100,100,100,100,100,100,100,100,100,100,100,100,100,100,100,100,100,100,100,100,100,100,100,
Austria,,,,,,,,,,,,,,,,,,,,,,,,,,,,,,,100,100,100,100,100,100,100,100,100,100,100,100,100,100,100,100,100,100,100,100,100,100,100,100,100,100,100,100,100,100,100,
Azerbaijan,,,,,,,,,,,,,,,,,,,,,,,,,,,,,,,,,,,,,,,,99.55514526,99.70492554,99.56578064,100,99.55426788,99.56388855,99.59300995,99.80000305,99.72073364,99.81005859,99.90085602,99.9653244,99.90000153,100,100,100,100,100,100,100,100,100,
Burundi,,,,,,,,,,,,,,,,,,,,,,,,,,,,,,,,,,,,,,,60.6,50.53980255,50.63116837,50.76617813,50.8998642,51.03916931,51.19103622,45.04950333,51.5581398,51.77463531,39.59999847,52.24717712,49,52.73455429,58.5,52.40000153,52.09999847,57.12614059,58.60169983,61.79999924,61.42993164,62.59404373,63.67844009,
Belgium,,,,,,,,,,,,,,,,,,,,,,,,,,,,,,,100,100,100,100,100,100,100,100,100,100,100,100,100,100,100,100,100,100,100,100,100,100,100,100,100,100,100,100,100,100,100,
Benin,,,,,,,,,,,,,,,,,,,,,,,,,,,,,,,,,,,,,34.4,44.78138733,45.70143509,46.60104752,47.46887207,49.59999847,49.2144165,50.09214401,50.98243713,51.89223862,56.59999847,53.78130722,54.75130844,55.73070145,65.40000153,67,68.59999847,61.05483246,55.79999924,51.66999817,62.45282364,54.20000076,64.3030777,65.22438812,66.14538574,
Burkina Faso,,,,,,,,,,,,,,,,,,,,,,,,,,,,,,,,,,29.4,33.44026184,34.6333847,35.81386566,36.97855377,38.12428284,39.7,40.3424263,41.44242859,42.54110718,52.40000153,44.76226807,45.89863968,47.0593605,48.24084854,49.43741608,44.40999985,48.5,53.06074524,54.26076889,55.4487114,58.40000153,58.00947571,59.72346115,61.46657562,62.29999924,64.43108368,65.75390625,
Bangladesh,,,,,,,,,,,,,,,,,,,,,,,,,,,,,,,,58.06059522,67.58527374,68.74897003,75.2,71.054245,72.18950653,79.5,74.40947723,75.48954773,81.19999695,77.6078949,78.6517334,79.70118713,76.59999847,82.61000061,77.7991333,82.09999847,85.21899414,86.37011719,90.09999847,90.19999695,90.61813354,88,90.69999695,93.44181824,94.01000214,99.5,96.5,97.80000305,97.80000305,
Bulgaria,,,,,,,,,,,,,,,,,,,,,,,,,,,,,,,100,100,100,100,100,100,100,100,100,100,100,100,100,100,100,100,100,100,100,100,100,100,100,100,100,100,100,100,100,100,99.80000305,
Bahrain,,,,,,,,,,,,,,,,,,,,,,,,,,,,,,,100,100,100,100,100,100,100,100,100,100,100,100,100,100,100,100,100,100,100,100,100,100,100,100,100,100,100,100,100,100,100,
"Bahamas, The",,,,,,,,,,,,,,,,,,,,,,,,,,,,,,,100,100,100,100,100,100,100,100,100,100,100,100,100,100,100,100,100,100,100,100,100,100,100,100,100,100,100,100,100,100,100,
Bosnia and Herzegovina,,,,,,,,,,,,,,,,,,,,,,,,,,,,,,,100,100,100,100,100,100,100,100,100,100,100,100,99.30000305,100,100,100,99.71469116,100,100,100,100,99.76393127,100,100,100,100,100,100,100,100,100,
Belarus,,,,,,,,,,,,,,,,,,,,,,,,,,,,,,,100,100,100,100,100,100,100,100,100,100,100,100,100,100,100,100,100,100,100,100,100,100,100,100,100,100,100,100,100,100,100,
Belize,,,,,,,,,,,,,,,,,,,,,,,,,,,,,,,,94,94.39466095,94.58172607,94.76247406,94.93373871,95.09236908,95.2352066,95.35908508,95.46252441,95,95.61405945,95.69219208,95.77594757,95.87226868,95.98809814,98.06713867,96.28922272,96.46524811,96.65067291,96.99964142,96.31336212,97.20643616,97.3738327,97.52978516,96.90000153,97.81497955,97.96857452,97.90000153,98.48000336,98.33164978,
Bermuda,,,,,,,,,,,,,,,,,,,,,,,,,,,,,,,100,100,100,100,100,100,100,100,100,100,100,100,100,100,100,100,100,100,100,100,100,100,100,100,100,100,100,100,100,100,100,
Bolivia,,,,,,,,,,,,,,,,,,,,,,,,,,,,,,,,,94.571038,96.038393,93,94.36116028,96.7,95.815075,96.1,97.837216,95.8121109,94.21113586,88.57920837,94,96.1399765,89.92088318,95.17073059,98.19528198,99.22794342,98.87411499,98.81232452,99.07926178,99.23293304,99.52007294,99.31084442,99.46434784,99.5,99.40000153,99.5,99.48000336,100,
Brazil,,,,,,,,,,,,,,,,,,,,,,,,,,,,,,,97.538681,98.21937561,97.523788,98.033975,98.59862518,98.589696,98.915038,99.056926,99.137016,99.186252,99.02290344,99.21511841,99.42699432,99.50418091,99.58530426,99.63481903,99.70874023,99.78144836,99.82174683,99.85167694,99.80000305,99.8985672,99.92742157,99.93501282,99.94555664,99.95619965,99.90000153,99.90000153,99.90000153,100,100,
Barbados,,,,,,,,,,,,,,,,,,,,,,,,,,,,,,,100,100,100,100,100,100,100,100,100,100,100,99.98738861,100,100,99.86257172,99.83374023,100,100,100,100,100,100,100,100,100,100,100,100,100,100,100,
Brunei Darussalam,,,,,,,,,,,,,,,,,,,,,,,,,,,,,,,100,100,100,100,100,100,100,100,100,100,100,100,100,100,100,100,100,100,100,100,100,100,100,100,100,100,100,100,100,100,100,
Bhutan,,,,,,,,,,,,,,,,,,,,,,,,,,,,,,,,,,,,,,,,,96.73999786,97.08712006,97.20254517,97.40000153,97.45719147,96.77638245,97.78777313,98.73000336,98.19932556,98.42203522,99.30555725,99.37976074,99.59999847,99.46709442,99.48758698,99.67128754,99.8473587,99.09999847,99.99046326,100,100,
Botswana,,,,,,,,,,,,,,,,,,,,,,,,,,,,,,,,17.5,18.35372734,20.98817444,23.6163044,26.23495674,28.84097099,31.43118858,34.00244904,36.55327606,39.09834671,37,44.14004898,46.66585541,49.20422745,51.76210785,54.34433746,56.9473381,60.09999847,60.75999832,68.1186676,69.12999725,72.68267822,74.79098511,76.74459076,79.58000183,80.95130157,84,85.59798431,88.16737366,90.7364502,
Central African Republic,,,,,,,,,,,,,,,,,,,,,,,,,,,,,,,,,,,,8,9.161859512,10.1394186,11.09802246,12.03619289,15.60000038,13.82988262,14.74490547,15.66554642,16.59875298,17.5514679,20.26367188,19.52636337,11.85999966,21.56158257,24.89999962,26.05896759,27.08168411,27.96544456,28.69450188,29.46804047,30.45211792,31.46532249,32.29737854,32.09999847,33.56291962,
Canada,,,,,,,,,,,,,,,,,,,,,,,,,,,,,,,100,100,100,100,100,100,100,100,100,100,100,100,100,100,100,100,100,100,100,100,100,100,100,100,100,100,100,100,100,100,100,
Central Europe and the Baltics,,,,,,,,,,,,,,,,,,,,,,,,,,,,,,,100,100,100,100,100,100,100,100,100,100,100,100,100,100,100,100,100,100,100,100,100,100,100,100,100,100,99.91709517,100,100,100,99.98358086,
Switzerland,,,,,,,,,,,,,,,,,,,,,,,,,,,,,,,100,100,100,100,100,100,100,100,100,100,100,100,100,100,100,100,100,100,100,100,100,100,100,100,100,100,100,100,100,100,100,
Channel Islands,,,,,,,,,,,,,,,,,,,,,,,,,,,,,,,100,100,100,100,100,100,100,100,100,100,100,100,100,100,100,100,100,100,100,100,100,100,100,100,100,100,100,100,100,100,100,
Chile,,,,,,,,,,,,,,,,,,,,,,,,,,,,,,,98.846714,99.18677521,99.107534,99.34539032,99.41679382,99.47872925,99.441775,99.56151581,99.667146,99.57016754,99.78211212,99.50447083,99.47129822,99.70750427,99.42875671,99.43327332,99.81494904,99.51177979,99.57649231,99.86903381,99.72842407,99.85691071,100,99.80000305,100,99.87686157,100,99.80000305,100,100,100,
China,,,,,,,,,,,,,,,,,,,,,,,,,,,,,,,,,,,,,,,,,100,99.79286957,99.76367188,99.74009705,99.7290802,99.73757935,99.77042389,99.82403564,99.89273071,99.95124817,100,99.99817657,100,100,100,100,100,100,100,100,100,
Cote d'Ivoire,,,,,,,,,,,,,,,,,,,,,,,,,,,,,,,,,,,69.7,78.37639618,79.04418945,79.69618988,80.32923126,85.9,81.54550934,82.13137054,82.71591187,83.30606842,83.90879059,86.40000153,91.22701263,85.84494781,88.76999664,87.21920013,87.91472626,88.09999847,88.09999847,89.96796417,90.63031769,86.5,92,92.56778717,93.20343781,93.83718109,94.47060394,
Cameroon,,,,,,,,,,,,,,,,,,,,,,,,,,,,,,,,63,70.07416534,70.97626495,71.87203979,72.75833893,73.63199615,74.48986053,79,76.14724731,79,83.95034027,78.53894043,79.33648682,77.09999847,80.97621155,73,90.40000153,83.59473419,84.49394226,87.3780365,87.5,88.2696991,88.5418396,89.19999695,89.80220795,90.65477753,91.50163269,90,93.18579865,94.02661133,
"Congo, Dem. Rep.",,,,,,,,,,,,,,,,,,,,,,,,,,,,,,,,,,,,,,,,,20,23.84301186,25.32820892,26.81902313,28.32240105,30,31.39252472,36.59999847,34.54361343,36.13609314,37.73228073,39.32649231,40.79999924,42.48749161,42,36.44277573,38.04213333,39.551754,40.51482391,41.18114853,40.65993118,
"Congo, Rep.",,,,,,,,,,,,,,,,,,,,,,,,,,,,,,,,,,,,,,,,,45.99071121,46.93104172,47.87004089,48.81466293,49.77184677,50.79999924,51.7495842,52.77139282,53.80828476,53.59999847,56.94135284,58.05186462,58.90000153,59.99497223,60.7423439,61.53419876,62.53659058,63.5681076,64.41847992,65.10942841,66.00507355,
Colombia,,,,,,,,,,,,,,,,,,,,,,,,,,,,,,,97.9,98.70593262,98.80570221,98.9023056,98.99259186,99.2,99.14157867,99.19395447,99.22737122,99.24035645,99.40000153,99.91000366,99.1968689,99.1884613,99.19262695,99.30000305,99.26432037,99.33310699,99.71327972,99.60704803,99.77147675,99.78850555,99.72610474,99.82022858,99.83836365,99.80971527,99.80000305,99.90000153,99.90000153,100,100,
Comoros,,,,,,,,,,,,,,,,,,,,,,,,,,,,,,,,,,,,,51.8,59.05176163,60.81581497,62.5594368,64.32091522,66.0304184,74.59999847,69.45238495,71.17874146,72.92461395,74.69482422,76.48580933,78.29187775,80.10733795,84.86328125,84.91187286,85.09999847,87.3506546,89.13665009,90.9131012,92.68192291,94.44502258,96.20431519,97.96169281,99.71875,
Cabo Verde,,,,,,,,,,,,,,,,,,,,,,,,,,,,,,,,,,,,,,,,,81.86114502,82.43199158,81.27494049,83.57666016,84.16436768,85,85.40315247,86.05548859,86.72290802,87.39971161,90.62070465,91.09709167,91.50092316,91.76580048,91.87596893,92.03062439,92.39582062,92.79013824,93.2488327,93.5,94.48597717,
Costa Rica,,,,,,,,,,,,,,,,,,,,,,,,,,,,,,,,,,,,,,,,,99.80000305,99.87410736,99.86346436,99.88254547,99.84706879,99.89461517,99.93041992,99.9171524,99.92409515,99.92992401,99.74643707,99.96448517,99.98336792,99.93994904,99.70480347,99.92992401,99.80000305,99.80000305,99.90000153,99.91999817,99.94000244,
Caribbean small states,,,,,,,,,,,,,,,,,,,,,,,,,,,,,,,,,,,,,,,,91.9159427,94.70651757,95.45959324,95.43286936,95.33710366,95.54673711,95.38789976,95.59903033,96.35610238,98.52773228,97.05557279,97.19159736,97.69838434,98.02336662,97.77839208,97.88130931,98.43146542,99.18536762,99.4131096,99.55112966,99.61356407,99.63296898,
Cuba,,,,,,,,,,,,,,,,,,,,,,,,,,,,,,,,,,,,,,,,,100,99.77854919,99.72693634,99.68093872,99.64750671,99.63358307,99.64401245,99.67520142,99.72148132,99.77714539,99.83652496,99.8939209,99.93746185,99.97227478,99.99180603,99.9988327,100,100,100,99.90000153,100,
Curacao,,,,,,,,,,,,,,,,,,,,,,,,,,,,,,,99.50241089,99.56900024,99.6350708,99.69797516,99.75456238,99.80167389,99.83615112,99.85482788,99.85454559,99.83383179,100,100,100,100,100,100,100,99.60758972,99.6634903,99.72878265,100,100,100,100,100,100,100,100,100,100,100,
Cayman Islands,,,,,,,,,,,,,,,,,,,,,,,,,,,,,,,99.8430481,99.89846039,99.9473114,100,100,100,100,100,100,100,100,100,100,100,100,100,100,100,100,100,100,100,100,100,100,100,100,100,100,100,100,
Cyprus,,,,,,,,,,,,,,,,,,,,,,,,,,,,,,,100,100,100,100,100,100,100,100,100,100,100,100,100,100,100,100,100,100,100,100,100,100,100,100,100,100,100,100,100,100,100,
Czechia,,,,,,,,,,,,,,,,,,,,,,,,,,,,,,,100,100,100,100,100,100,100,100,100,100,100,100,100,100,100,100,100,100,100,100,100,100,100,100,100,100,100,100,100,100,100,
Germany,,,,,,,,,,,,,,,,,,,,,,,,,,,,,,,100,100,100,100,100,100,100,100,100,100,100,100,100,100,100,100,100,100,100,100,100,100,100,100,100,100,100,100,100,100,100,
Djibouti,,,,,,,,,,,,,,,,,,,,,,,,,,,,,,,,,,,,,53.55210495,54.31375504,55.05644989,55.77871323,56.47273254,57.170578,56.90000153,58.56923676,59.28393936,60.01815033,62.40000153,61.55604172,62.35044861,63.15425491,63.96176529,64.76730347,64.24208069,66.35094452,67.12528229,67.89008331,68.64724731,,70.62119293,71.42930603,72.15770721,
Dominica,,,,,,,,,,,,,,,,,,,,,,,,,,,,,,,,,,,,,,,,,,,,,,,,,,,,,,,,,,,,,,
Denmark,,,,,,,,,,,,,,,,,,,,,,,,,,,,,,,100,100,100,100,100,100,100,100,100,100,100,100,100,100,100,100,100,100,100,100,100,100,100,100,100,100,100,100,100,100,100,
Dominican Republic,,,,,,,,,,,,,,,,,,,,,,,,,,,,,,,,96.5,95.30583191,95.54391479,95.77568054,95.99797058,96.20761871,96.401474,96.57637024,98.9,96.57286072,96.94949341,96.67467499,95.0377655,95.52470398,95.18495941,94.38929749,99.60690308,99.57231903,99.73281097,99.76715851,99.71957397,99.65170288,99.8835907,99.85990906,99.82724762,99.90000153,100,99.59999847,99.59999847,100,
Algeria,,,,,,,,,,,,,,,,,,,,,,,,,,,,,,,,,,,,,,,,,99.44464874,99.40622711,99.36647797,99.33235168,99.31078339,99.30873108,99.33102417,99.37408447,100,99.49976349,99.57100677,99.64027405,99.25673676,99.75138092,99.7894516,99.81797791,99.83888245,99.85405731,99.93395233,99.80000305,99.88401031,
East Asia & Pacific (excluding high income),,,,,,,,,,,,,,,,,,,,,,,,,,,,,,,,,,,,,,,,,98.22356296,98.16858263,98.24478223,98.62982314,98.38567224,98.46757376,98.60085206,98.86203476,98.95003921,97.9868606,98.18129402,98.29067269,98.35353103,98.46152521,98.5445887,98.67342292,98.77869499,98.84597274,98.91532921,98.97231202,98.9944104,
Early-demographic dividend,,,,,,,,,,,,,,,,,,,,,,,,,,,,,,,,,,88.30388439,89.92156061,90.09740037,90.34211198,91.28660148,91.23045151,92.70287367,92.74957403,92.199201,93.02145243,93.47371365,93.44314074,93.87232456,94.45424147,94.64738808,95.09523934,96.22283181,95.78816561,95.66557672,96.78365412,96.88800812,97.30234087,97.45348832,97.86177851,98.51939494,98.50985588,98.82095271,98.92821941,
East Asia & Pacific,,,,,,,,,,,,,,,,,,,,,,,,,,,,,,,,,,,,,,,,,98.58838917,98.53859929,98.59358834,98.89740877,98.69535277,98.75619311,98.85976782,99.06912457,99.13801502,98.33629913,98.49153105,98.57638123,98.6229356,98.7079759,98.77305943,98.87762903,98.96315777,99.01695631,99.0732208,99.11948044,99.13600401,
Europe & Central Asia (excluding high income),,,,,,,,,,,,,,,,,,,,,,,,,,,,,,,100,100,100,100,100,99.99492875,99.99722204,99.9880037,99.98806086,99.95474296,99.97098465,99.97175368,99.97572754,99.97295347,99.86474733,99.84834621,99.84436126,99.87403763,99.89669732,99.91892509,99.98338719,99.98083121,99.9841801,99.98047564,99.98777448,97.97635448,99.98823876,99.99119169,99.98928049,99.98643112,99.9822676,
Europe & Central Asia,,,,,,,,,,,,,,,,,,,,,,,,,,,,,,,100,100,100,100,100,99.99830449,99.99903948,99.99584054,99.99587375,99.98410824,99.98832597,99.98865162,99.99027045,99.9891825,99.94600914,99.9395673,99.93806411,99.94992248,99.95893962,99.96774937,99.993381,99.99233798,99.99366574,99.99216764,99.99508472,99.18443412,99.98713151,99.99643712,99.99566108,99.99450197,99.99280891,
Ecuador,,,,,,,,,,,,,,,,,,,,,,,,,,,,,,,,,,,,97.908304,99.05529785,99.10906219,99.626074,99.289697,99.18326569,99.16448212,99.14437103,99.29113007,99.12794495,99.66875458,99.52588654,99.63354492,99.58668518,98.98438263,99.71504974,99.78308105,99.62886047,99.54737091,99.83164215,99.86940765,99.80000305,100,99.69999695,99.83999634,99.66000366,
"Egypt, Arab Rep.",,,,,,,,,,,,,,,,,,,,,,,,,,,,,,,,,98.4,99.05046844,99.13484955,99,99.27202606,99.3184967,99.3460083,99.35309601,99.5,99.31825256,99.29678345,99.69999695,99.80428314,99.80000305,99.33442688,99.39576721,99.90000153,99.55799866,99.67411041,99.73505402,99.53282166,99.88272095,99.90000153,99.09999847,99.99266052,99.99911499,100,100,100,
Euro area,,,,,,,,,,,,,,,,,,,,,,,,,,,,,,,100,100,100,100,100,100,100,100,100,100,100,100,100,100,100,100,100,100,100,100,100,100,100,100,100,100,100,100,100,100,100,
Eritrea,,,,,,,,,,,,,,,,,,,,,,,,,,,,,,,,,,,,80.6,79.9806366,79.79773712,79.5958786,79.37358856,79.22663116,79.02005768,78.30000305,78.60987091,78.42015839,78.24994659,78.10409546,77.97900391,77.86898804,77.76837921,77.67147064,77.57258606,77.46603394,77.34738922,77.21730804,77.07769012,76.93043518,76.77745819,76.62067413,76.4619751,76.30296326,
Spain,,,,,,,,,,,,,,,,,,,,,,,,,,,,,,,100,100,100,100,100,100,100,100,100,100,100,100,100,100,100,100,100,100,100,100,100,100,100,100,100,100,100,100,100,100,100,
Estonia,,,,,,,,,,,,,,,,,,,,,,,,,,,,,,,100,100,100,100,100,100,100,100,100,100,100,100,100,100,100,100,100,100,100,100,100,100,100,100,100,100,100,100,100,100,100,
Ethiopia,,,,,,,,,,,,,,,,,,,,,,,,,,,,,,,,,,,,,,,,,76.19999695,79.2469635,79.89573669,80.55013275,81.21709442,85.69999695,82.61438751,83.34597015,84.09263611,84.84870148,85.60847473,85.19999695,87.11638641,87.85442352,91.98252106,85,85.40000153,96.59999847,91.92124939,92.62444305,93.2479248,
European Union,,,,,,,,,,,,,,,,,,,,,,,,,,,,,,,100,100,100,100,100,100,100,100,100,100,100,100,100,100,100,100,100,100,100,100,100,100,100,100,100,100,99.98391701,100,100,100,99.9968724,
Fragile and conflict affected situations,,,,,,,,,,,,,,,,,,,,,,,,,,,,,,,,,,,,,,,,,78.27594622,78.43731299,78.58493215,78.67441309,78.88270731,79.22080884,79.28817582,80.70214286,79.57298211,80.08534903,80.94339696,82.6768477,82.6312791,82.65107497,82.97182189,81.49655737,82.91689344,82.8172739,82.17771891,83.4024831,83.41164231,
Finland,,,,,,,,,,,,,,,,,,,,,,,,,,,,,,,100,100,100,100,100,100,100,100,100,100,100,100,100,100,100,100,100,100,100,100,100,100,100,100,100,100,100,100,100,100,100,
Fiji,,,,,,,,,,,,,,,,,,,,,,,,,,,,,,,,,,,,,89.57989502,90.06519318,90.53153992,90.97744751,91.44167328,91.85527802,92.05000305,92,93.11589813,93.56586456,94.04017639,94.53526306,96.47000122,95.56498718,96.08824921,96.60953522,97.12316132,97.26000214,98.11478424,98.59533691,99.06825256,99.5354538,99.82519531,99.97067261,100,
France,,,,,,,,,,,,,,,,,,,,,,,,,,,,,,,100,100,100,100,100,100,100,100,100,100,100,100,100,100,100,100,100,100,100,100,100,100,100,100,100,100,100,100,100,100,100,
Faroe Islands,,,,,,,,,,,,,,,,,,,,,,,,,,,,,,,100,100,100,100,100,100,100,100,100,100,100,100,100,100,100,100,100,100,100,100,100,100,100,100,100,100,100,100,100,100,100,
"Micronesia, Fed. Sts.",,,,,,,,,,,,,,,,,,,,,,,,,,,,,,,,,,,,,,,,,70,72.10547638,73.33535767,74.57085419,75.81892395,77.08649445,78.37841797,79.6911087,81.01888275,82.35604858,84.59127808,85.65329742,86.5388031,87.68618774,88.99388885,90.29204559,91.58258057,92.86738586,94.14837646,95.42746735,96.70623016,
Gabon,,,,,,,,,,,,,,,,,,,,,,,,,,,,,,,,,,,,,,,,,90.19999695,91.37936401,91.69391632,92.01409912,92.3468399,93.19999695,93.07568359,93.47305298,93.88550568,94.30734253,95.95653534,96.23373413,98.09999847,94.30000305,96.42429352,96.75140381,97.1266098,97.81999969,97.861763,98.2255249,98.58896637,
United Kingdom,,,,,,,,,,,,,,,,,,,,,,,,,,,,,,,100,100,100,100,100,100,100,100,100,100,100,100,100,100,100,100,100,100,100,100,100,100,100,100,100,100,100,100,100,100,100,
Georgia,,,,,,,,,,,,,,,,,,,,,,,,,,,,,,,,,,,,,,,,,99.91777039,99.86647797,100,100,99.93000031,98.31919098,100,100,100,100,100,100,100,100,100,100,100,100,99.80000305,100,100,
Ghana,,,,,,,,,,,,,,,,,,,,,,,,,,,,,,,,,,74.6,74.66521454,75.33365631,75.98945618,76.6294632,82.4,77.85112762,80.5,79.00682068,79.58102417,76.90000153,80.75324249,78.44000244,80.72065735,82.65840912,84.80000305,84.01200104,72.80000305,84.95149231,86.76000214,88.5,90.80000305,88.07102966,89.80000305,90,89.90000153,93.80000305,94.71047974,
Gibraltar,,,,,,,,,,,,,,,,,,,,,,,,,,,,,,,100,100,100,100,100,100,100,100,100,100,100,100,100,100,100,100,100,100,100,100,100,100,100,100,100,100,100,100,100,100,100,
Guinea,,,,,,,,,,,,,,,,,,,,,,,,,,,,,,,,,,,,,,,,53.8,55.8693161,57.41962814,58.9686203,60.52322769,62.09039688,63.79999924,65.28810883,66.91990662,68.56678772,70.22306061,71.88304138,73.54103851,74.19999695,76.8817749,78.45642853,80.07369995,82.19999695,83.55440521,86.69999695,86,88.08341217,
"Gambia, The",,,,,,,,,,,,,,,,,,,,,,,,,,,,,,,,,,38.87835312,40.44319534,41.99856186,43.54128647,45.06821823,46.57619095,48.06373215,51.15999985,51.00473785,52.46678925,53.93445969,55.41469574,54.43685913,58.43852997,59.98339081,61.54333496,63.1126709,64.68571472,66.2567749,67.82017517,67,70.91135406,72.44168854,73.96438599,79.40000153,,,80.63490295,
Guinea-Bissau,,,,,,,,,,,,,,,,,,,,,,,,,,,,,,,,,,,,,,,,,23.9507637,24.19966507,24.44723701,24.70042992,24.96618462,25.25145149,34.40040588,25.89144707,26.23691177,26.59176826,11.80000019,27.30692101,27.65584183,27.99267578,33.09999847,35.37715912,39.72172546,44.09542084,48.2879715,52.3210907,56.27449417,
Equatorial Guinea,,,,,,,,,,,,,,,,,,,,,,,,,,,,,,,,,,,,,,,,,94.59363556,94.35191345,94.10886383,93.87142944,93.64656067,93.44120789,93.2602005,93.09996033,92.95479584,92.81903076,93.11724854,93.09999847,92.41123199,92.25744629,92.09220886,91.91744232,91.73503876,91.54691315,91.35497284,91.16112518,90.96696472,
Greece,,,,,,,,,,,,,,,,,,,,,,,,,,,,,,,100,100,100,100,100,100,100,100,100,100,100,100,100,100,100,100,100,100,100,100,100,100,100,100,100,100,100,100,100,100,100,
Grenada,,,,,,,,,,,,,,,,,,,,,,,,,,,,,,,,,,,,,,,,,,,,,,,,,,,,,,,,,,,,,,
Greenland,,,,,,,,,,,,,,,,,,,,,,,,,,,,,,,100,100,100,100,100,100,100,100,100,100,100,100,100,100,100,100,100,100,100,100,100,100,100,100,100,100,100,100,100,100,100,
Guatemala,,,,,,,,,,,,,,,,,,,,,,,,,,,,,,,,,,,,88.9,92.30475616,92.53014374,92.73657227,91.3,95.39783478,93.24887848,95.71096802,96.03089905,93.74276733,93.93716431,94.40666199,94.39540863,94.6499939,94.91397858,95.18166351,94.60327911,95.70542145,95.9513855,94.46313477,96.41087341,96.6282196,96.83984375,97.0476532,97.25354767,97.45913696,
Guam,,,,,,,,,,,,,,,,,,,,,,,,,,,,,,,99.86621094,99.91825867,99.96175385,99.98839569,99.99834442,100,100,100,100,100,100,100,100,100,100,100,100,100,100,100,100,100,100,100,100,100,100,100,100,100,100,
Guyana,,,,,,,,,,,,,,,,,,,,,,,,,,,,,,,,,,90.396341,86.21174622,86.41713715,86.6098938,86.78684998,86.94484711,87.08241272,87.18975067,87.30096436,87.4108429,87.5263443,87.65440369,81.59999847,82.41903687,88.16658783,88.37435913,90.90000153,92.32691193,93.01670074,93.63700867,94.11836243,94.40000153,94.81613922,95.39781189,96.00860596,96.43825531,96.70847321,96.89897919,
High income,,,,,,,,,,,,,,,,,,,,,,,,,,,,,,,99.96994299,99.97731508,99.97186807,99.97841161,99.98001145,99.98132938,99.98165221,99.98358265,99.98540287,99.98349277,99.98732201,99.98227645,99.98166315,99.9851494,99.981127,99.98143979,99.98863401,99.98426451,99.98599414,99.99121807,99.99085631,99.99186177,99.99582762,99.99131228,99.99633078,99.99475665,99.99157238,99.99409982,99.99773573,99.99839859,99.99906636,
"Hong Kong SAR, China",,,,,,,,,,,,,,,,,,,,,,,,,,,,,,,100,100,100,100,100,100,100,100,100,100,100,100,100,100,100,100,100,100,100,100,100,100,100,100,100,100,100,100,100,100,100,
Honduras,,,,,,,,,,,,,,,,,,,,,,,,,,,,,,,,88.700619,89.851267,92.082517,92.144467,93.264253,93.877733,95.072358,96.042962,95.3172,94.44295502,94.69595337,93.14065552,94.46618652,95.8866272,96.04257965,96.8561554,97.53937531,97.96064758,97.92108154,98.75944519,99.17497253,98.48667145,98.98967743,98.76234436,98.8976593,99.09999847,97.80000305,98.90000153,99,100,
Heavily indebted poor countries (HIPC),,,,,,,,,,,,,,,,,,,,,,,,,,,,,,,,,,,,,,57.31637334,58.44051053,58.48609467,54.45205589,55.03183665,55.72578934,56.54976052,58.10517551,58.99629163,60.07045832,61.68578887,60.75593393,62.68069175,64.04451927,66.63441217,68.73803079,69.12355724,70.42218145,69.4846763,71.58571155,73.35148787,74.0881623,75.84756333,76.46299397,
Croatia,,,,,,,,,,,,,,,,,,,,,,,,,,,,,,,100,100,100,100,100,100,100,100,100,100,100,100,100,100,100,100,100,100,100,100,100,100,100,100,100,100,100,100,100,100,100,
Haiti,,,,,,,,,,,,,,,,,,,,,,,,,,,,,,,,,,,,76.5,68.83561707,68.9942627,69.13395691,69.25321198,81.90000153,62.46408081,69.52187347,50.38757324,69.72888184,69.85817719,68.90000153,70.18623352,70.37573242,70.57462311,70.77721405,71.48587036,72.59999847,73.73788452,74.63970947,75.58602142,76.40000153,77.92884064,78.93367004,79.77906036,80.5447464,
Hungary,,,,,,,,,,,,,,,,,,,,,,,,,,,,,,,100,100,100,100,100,100,100,100,100,100,100,100,100,100,100,100,100,100,100,100,100,100,100,100,100,100,100,100,100,100,100,
IBRD only,,,,,,,,,,,,,,,,,,,,,,,,,,,,,,,,,,,,,,,,,96.74863726,96.36022444,96.85958817,97.12358136,97.09633281,97.23128582,97.64765829,97.71035674,97.87331366,98.43149311,98.24446415,98.15895423,98.64140901,98.73480459,98.72025009,98.70542984,99.10494597,99.24162411,99.27191543,99.46580941,99.52444567,
IDA & IBRD total,,,,,,,,,,,,,,,,,,,,,,,,,,,,,,,,,,,,,,,,,93.02691456,92.6632972,93.12992517,93.38521609,93.37558301,93.62354075,93.95577708,94.18530954,94.24709404,94.82245945,94.69067813,95.00555411,95.47029319,95.483694,95.55700784,95.44402784,96.0856214,96.74217303,96.91064287,97.19945028,96.72523512,
IDA total,,,,,,,,,,,,,,,,,,,,,,,,,,,,,,,,,,,,,,,74.6806112,74.96754214,72.47203708,72.52242279,73.07944258,73.54881779,73.87909106,74.95724641,75.11424282,76.51211747,76.32944898,77.24425064,77.64839079,80.10506903,80.67630104,80.48456013,81.12299189,80.74842274,82.66967034,83.67239789,83.96888222,85.17222541,85.09813194,
IDA blend,,,,,,,,,,,,,,,,,,,,,,,,,,,,,,,,,,,,,,,87.17938104,87.29045202,86.79817218,87.21933157,87.0600291,87.37452871,87.26293514,87.63742794,87.48342288,89.4104381,88.72748957,88.75066297,86.94653701,90.4454415,89.55185909,89.54639535,89.57464435,89.07722402,91.48678109,,,,91.4531722,
Indonesia,,,,,,,,,,,,,,,,,,,,,,,,,,,,,,,,87.6,93.01299286,93.3634491,94.6,94.04223633,94.36425781,97.5,94.95775604,95.22458649,95.50320435,95.7283783,95.9522171,98.09999847,96.42370605,96.6852417,96.97112274,98.19999695,97.59951019,98.90000153,98.95999908,99.34999847,99.19999695,99.67316437,99.73999786,99.83139038,99.80000305,99.88999939,99.87999725,99.88999939,99.59999847,
IDA only,,,,,,,,,,,,,,,,,,,,,,,,,,,,,,,,,,,,,,,,63.2894174,62.99531392,62.77735427,63.82907638,64.43756426,65.08191004,66.64665796,67.03416868,68.15460763,68.31473602,69.81499533,71.64930211,73.44014542,74.97008941,74.67176331,75.71687193,75.45066347,77.10343131,79.31684383,79.27912981,80.81564803,81.19717278,
Isle of Man,,,,,,,,,,,,,,,,,,,,,,,,,,,,,,,100,100,100,100,100,100,100,100,100,100,100,100,100,100,100,100,100,100,100,100,100,100,100,100,100,100,100,100,100,100,100,
India,,,,,,,,,,,,,,,,,,,,,,,,,,,,,,,,,,82.8,85.20610046,85.8353653,86.45200348,87.05283356,87.63471222,91.3,88.75102997,87.59999847,89.8030014,90.33394623,90.87744904,91.44046783,93.09999847,92.63597107,93.25917816,96.09999847,94,92.90000153,96.09999847,96.40370178,97.00684357,97.5,98.18641663,98.7666626,99.09999847,99.7377243,100,
Not classified,,,,,,,,,,,,,,,,,,,,,,,,,,,,,,,,,,,,,,,,,,,,,,,,,,,,,,,,,,,,,,
Ireland,,,,,,,,,,,,,,,,,,,,,,,,,,,,,,,100,100,100,100,100,100,100,100,100,100,100,100,100,100,100,100,100,100,100,100,100,100,100,100,100,100,100,100,100,100,100,
"Iran, Islamic Rep.",,,,,,,,,,,,,,,,,,,,,,,,,,,,,,,,,,,,,,,,,100,99.91627502,99.86096954,99.80924225,99.7700882,99.75043488,100,99.7806015,99.82115173,100,99.92247772,99.96427917,99.98939514,99.98000336,100,100,99.98999786,100,100,100,100,
Iraq,,,,,,,,,,,,,,,,,,,,,,,,,,,,,,,,,,,,,,,,,99.37512207,99.35404968,99.33165741,99.31488037,99.31066895,99.32596588,99.54349518,99.42602539,99.50152588,99.58641052,99.67501068,100,99.69000244,99.90126038,99.95297241,99.98493195,99.99768066,100,99.90000153,100,100,
Iceland,,,,,,,,,,,,,,,,,,,,,,,,,,,,,,,100,100,100,100,100,100,100,100,100,100,100,100,100,100,100,100,100,100,100,100,100,100,100,100,100,100,100,100,100,100,100,
Israel,,,,,,,,,,,,,,,,,,,,,,,,,,,,,,,100,100,100,100,100,100,100,100,100,100,100,100,100,100,100,100,100,100,100,100,100,100,100,100,100,100,100,100,100,100,100,
Italy,,,,,,,,,,,,,,,,,,,,,,,,,,,,,,,100,100,100,100,100,100,100,100,100,100,100,100,100,100,100,100,100,100,100,100,100,100,100,100,100,100,100,100,100,100,100,
Jamaica,,,,,,,,,,,,,,,,,,,,,,,,,,,,,,,82.110334,86.11855316,86.70111084,87.28050995,87.85358429,88.41719055,92.356928,89.50331879,90.01953125,88.49866,90.98552704,92.72131348,92.63907623,92.3928299,92.87779999,93.38228607,93.91110992,94.46070862,99.5,95.59945679,95.80000305,96.75304413,97.32117462,96.59999847,96.75,98,99.48432922,99.80588531,99.96777344,100,100,
Jordan,,,,,,,,,,,,,,,,,,,,,,,,,,,,,,,99.23476686,99.35246277,99.42790985,99.50019073,99.56616211,99.62265015,99.66650391,99.8,99.70365906,99.69232941,99.65599823,99.61821747,99.69999695,99.54562378,99.52469635,99.52328491,100,99,100,99.59999847,100,99.85868073,99.5,99.9605484,99.98782349,99.99819183,100,100,100,100,100,
Japan,,,,,,,,,,,,,,,,,,,,,,,,,,,,,,,100,100,100,100,100,100,100,100,100,100,100,100,100,100,100,100,100,100,100,100,100,100,100,100,100,100,100,100,100,100,100,
Kazakhstan,,,,,,,,,,,,,,,,,,,,,,,,,,,,,,,,,,,,99.9,99.94128418,99.94973755,99.94932556,99.4,99.91017914,99.79000092,99.91999817,100,100,100,99.82867432,100,100,100,100,99.96874237,100,100,100,100,100,100,100,100,100,
Kenya,,,,,,,,,,,,,,,,,,,,,,,,,,,,,,,,,,42.5,39.22034073,41.0309639,42.82894897,44.61113739,47.5,48.11716843,49.84423447,51.56052017,53.27547836,50.20000076,56.72919846,58.48184967,60.2588501,62.05661774,63.86946869,65.59999847,58.20000076,69.34163666,71.15794373,72.96216583,68.40000153,78.09999847,84.30000305,83.88960266,87.38800049,90.80000305,93.98622131,
Kyrgyz Republic,,,,,,,,,,,,,,,,,,,,,,,,,,,,,,,,,,,,,,100,99.7698288,99.72615051,99.65518951,99.58585358,100,99.45014191,99.3976593,99.77748108,98.51000214,99.58999634,99.37999725,99.48000336,99.13999939,99.30000305,99.80000305,98.94999695,99.90000153,98.66000366,99.52999878,100,100,99.71401215,99.50406647,
Cambodia,,,,,,,,,,,,,,,,,,,,,,,,,,,,,,,,,,,,,,,55.98,59.27936935,60.59999847,65.26025391,67.19931793,69.14400482,71.10124969,66.80000305,75.07911682,77.1009903,87,81.18429565,91.30000305,93.58457947,94.2924118,94.86128998,96.90000153,95.73413086,96.40332031,99.05999756,99.35926819,96.90000153,97.30000305,
Kiribati,,,,,,,,,,,,,,,,,,,,,,,,,,,,,,,,,,,,,,,,,93.68945313,93.28018951,92.86959839,92.46463013,92.07221985,93.61296844,91.69999695,91.02298737,90.710289,88.55999756,89.54511261,89.80580139,89.49655914,89.30421448,89.10295868,88.30999756,88.99995422,89.08285522,88.98460388,88.72692108,88.38952637,
St. Kitts and Nevis,,,,,,,,,,,,,,,,,,,,,,,,,,,,,,,99.14697266,99.22695923,99.30641174,99.38271332,99.45269012,99.51318359,99.56105042,99.59311676,99.60622406,99.59889984,99.48661041,99.45800781,99.42807007,99.40375519,99.39200592,99.39976501,99.43187714,99.48474884,99.55270386,99.63005829,99.71111298,100,100,100,100,100,100,100,100,100,100,
"Korea, Rep.",,,,,,,,,,,,,,,,,,,,,,,,,,,,,,,99.89510345,99.9445343,99.98054504,99.99677277,100,100,100,100,100,100,99.99436951,100,100,100,100,100,100,100,100,100,100,100,100,100,100,100,100,100,100,100,100,
Kuwait,,,,,,,,,,,,,,,,,,,,,,,,,,,,,,,100,100,100,100,100,100,100,100,100,100,100,100,100,100,100,100,100,100,100,100,100,100,100,100,100,100,100,100,100,100,100,
Latin America & Caribbean (excluding high income),,,,,,,,,,,,,,,,,,,,,,,,,,,,,,,,,96.89469983,97.34698043,97.63760167,97.42931691,97.63548592,97.76247119,97.89997086,98.08640303,98.26086258,97.98312883,98.15632843,98.01090817,98.31892574,98.34922179,98.5745184,98.69103319,98.95422276,98.93028778,99.1099686,99.1921187,99.27017451,99.35572605,99.33126022,99.30219567,99.41788518,99.48358114,99.46780329,99.56274073,99.63424034,
Lao PDR,,,,,,,,,,,,,,,,,,,,,,,,,,,,,,,,,,97,95.37110138,95.52606201,95.66838837,95.79491425,95.90248871,95.98963165,96.06880188,96.12661743,96.1831131,97,96.31989288,92.19999695,94.13188171,97.41999817,99,96.9900589,97.15753937,97.32304382,97.43094635,97.69154358,97.91233826,97.80000305,98.65343475,99.5,99.48217773,99.64654541,100,
Lebanon,,,,,,,,,,,,,,,,,,,,,,,,,,,,,,,,,,,,,,,,,98.97848511,99.02550507,99.07119751,99.12250519,99.18637848,99.26976013,99.47872925,99.50598907,100,99.80255127,99.91344452,99.75331116,99.99745178,100,100,100,100,100,100,100,100,
Liberia,,,,,,,,,,,,,,,,,,,,,,,,,,,,,,,,,,,,,,,,,,,,,,,,6.900000095,3.42975688,3.5,9.713202477,7.199999809,15.98873138,16.39999962,14.80000019,25.32183838,31.20000076,40.5,37.27430344,37,45.17257309,
Libya,,,,,,,,,,,,,,,,,,,,,,,,,,,,,,,,,,,,,,,,,100,99.92259979,99.96117401,99.98699951,99.99793243,100,100,100,100,100,100,100,100,100,100,100,100,100,100,100,100,
St. Lucia,,,,,,,,,,,,,,,,,,,,,,,,,,,,,,,,,,,,,,,,,95.54153442,95.90000153,95.29051971,95.16996765,95.0619812,94.97350311,94.90937805,94.86601257,94.83773804,94.81884766,94.80367279,94.78651428,94.11764526,94.72478485,94.95701599,95.32717896,95.90788269,96.51771545,96.94639587,97.21565247,100,
Latin America & Caribbean,,,,,,,,,,,,,,,,,,,,,,,,,,,,,,,,,97.2088083,97.59437583,97.85709467,97.66975412,97.8547971,97.96869652,98.07160468,98.24302845,98.42670409,98.17458009,98.31564334,98.18461022,98.44734208,98.47430168,98.68979994,98.78646498,99.02687023,99.01941802,99.18230493,99.26059139,99.34009809,99.40842401,99.39629088,99.36706411,99.4744811,99.52691632,99.51868963,99.60422551,99.66928785,
Least developed countries: UN classification,,,,,,,,,,,,,,,,,,,,,,,,,,,,,,,,,,,,,,,,,56.55031297,55.65271015,57.73020225,58.64476736,59.24007932,61.1442855,61.3460972,63.42346309,63.12382388,64.76504709,68.34883214,70.31082114,71.36315268,70.90205915,71.03576547,71.88187878,73.67876033,76.21848534,75.57765463,77.59183755,78.25358813,
Low income,,,,,,,,,,,,,,,,,,,,,,,,,,,,,,,,,,,,,,,,,46.22128036,46.70898068,48.25057485,49.18191246,50.80854831,52.17979514,53.26679693,54.06610888,53.14094741,53.06094797,54.95667558,57.76748183,60.39515123,60.69610388,62.28452392,61.39585106,63.08620866,65.93837754,65.87842222,67.68672142,68.92088491,
Liechtenstein,,,,,,,,,,,,,,,,,,,,,,,,,,,,,,,100,100,100,100,100,100,100,100,100,100,100,100,100,100,100,100,100,100,100,100,100,100,100,100,100,100,100,100,100,100,100,
Sri Lanka,,,,,,,,,,,,,,,,,,,,,,,,,,,,,,,,,,,,,,,,,88.59827423,85.30000305,91.30000305,90.62140656,91.31165314,92.02140808,94.40000153,95.30000305,94.28033447,95.61000061,95.59999847,96.83000183,97.70999908,98,98.90842438,99.64875793,99,99.9780426,100,100,100,
Lower middle income,,,,,,,,,,,,,,,,,,,,,,,,,,,,,,,,,,84.73275936,86.45811125,86.61792869,87.08692537,88.47694399,88.69742103,90.21787066,89.71976837,88.91776883,89.94157858,90.45485294,90.45841379,90.94814923,91.62857359,92.15795288,92.37599851,93.52463353,92.85424137,93.34120812,94.20250244,94.29127934,94.36414082,94.80114321,95.79903134,97.08526839,97.14618163,97.76322084,96.90669678,
Low & middle income,,,,,,,,,,,,,,,,,,,,,,,,,,,,,,,,,,,,,,,,,92.79559972,92.42447939,92.91465458,93.18297063,93.1792673,93.43899339,93.78217458,94.02343691,94.08984062,94.28574344,94.1724797,94.50854421,95.00139002,95.0304481,95.12205441,95.02038804,95.69255668,96.36559286,96.54403121,96.85461204,96.39766836,
Lesotho,,,,,,,,,,,,,,,,,,,,,,,,,,,,,,,,,,,,,,,,,13.60089207,17.98860741,21.06775856,24.15252876,26.20000076,30.36670685,33.50790024,36.66986084,39.84690094,43.20000076,55.21151733,57.24421692,59.20743561,61.03170013,61.5,64.41529846,66.3398819,68.83999634,,74.59745026,77.72548676,
Late-demographic dividend,,,,,,,,,,,,,,,,,,,,,,,,,,,,,,,,,,,,,,,,,99.68967497,99.52861736,99.56014184,99.5602287,99.57222454,99.60125149,99.70831549,99.70258571,99.77361811,98.88918503,98.98542955,99.03249528,99.08625178,99.13926306,99.12472456,98.82277843,99.24010347,99.29355868,99.30477338,99.36007599,99.38229176,
Lithuania,,,,,,,,,,,,,,,,,,,,,,,,,,,,,,,100,100,100,100,100,100,100,100,100,100,100,100,100,100,100,100,100,100,100,100,100,100,100,100,100,100,100,100,100,100,100,
Luxembourg,,,,,,,,,,,,,,,,,,,,,,,,,,,,,,,100,100,100,100,100,100,100,100,100,100,100,100,100,100,100,100,100,100,100,100,100,100,100,100,100,100,100,100,100,100,100,
Latvia,,,,,,,,,,,,,,,,,,,,,,,,,,,,,,,100,100,100,100,100,100,100,100,100,100,100,100,100,100,100,100,100,100,100,100,100,100,100,100,100,100,100,100,100,100,100,
"Macao SAR, China",,,,,,,,,,,,,,,,,,,,,,,,,,,,,,,99.83998108,99.89569092,99.94549561,99.98120117,100,100,100,100,100,100,100,100,100,100,100,100,100,100,100,100,100,100,100,100,100,100,100,100,100,100,100,
St. Martin (French part),,,,,,,,,,,,,,,,,,,,,,,,,,,,,,,99.50241089,99.56900024,99.6350708,99.69797516,99.75456238,99.80167389,99.83615112,99.85482788,99.85454559,99.83383179,100,100,100,100,100,100,100,99.60758972,99.6634903,99.72878265,100,100,100,100,100,100,100,100,100,100,100,
Morocco,,,,,,,,,,,,,,,,,,,,,,,,,,,,,,,,,84.7,90.13162231,90.58109283,90.6,91.44844818,91.86000824,92.25261688,92.62478638,98.48000336,93.32043457,93.66504669,94.01527405,94.59999847,94.76036835,99.26000214,95.59444427,96.03694153,96.4888382,96.94443512,97.39806366,97.84401703,98.69999695,95.19999695,99.11320496,99.30000305,100,99.30000305,99.99487305,100,
Monaco,,,,,,,,,,,,,,,,,,,,,,,,,,,,,,,100,100,100,100,100,100,100,100,100,100,100,100,100,100,100,100,100,100,100,100,100,100,100,100,100,100,100,100,100,100,100,
Moldova,,,,,,,,,,,,,,,,,,,,,,,,,,,,,,,100,100,100,100,100,100,100,100,100,100,100,100,100,100,100,99.40000153,100,100,100,100,100,100,100,100,100,100,100,99.94999695,99.97000122,100,100,
Madagascar,,,,,,,,,,,,,,,,,,,,,,,,,,,,,,,,,46.9,39.98170471,41.14899063,42.30680084,43.45197678,38.1,45.69177246,46.78175735,48.02760696,42.08486938,50.00194931,52.70000076,51.99876404,53.02296066,54.07151031,55.14082718,56.22522354,68.59999847,39.09999847,61.5,72.80000305,60.70000076,62.73997879,63.79476166,67.30000305,66.26256561,,,70.16197205,
Maldives,,,,,,,,,,,,,,,,,,,,,,,,,,,,,,,,,,,,,,,,,99.25805664,99.24519348,99.23099518,99.22242737,99.22641754,99.24991608,99.29776764,99.36638641,99.45008087,99.90000153,99.6399765,99.73479462,99.82195282,99.89702606,100,99.98371887,99.99754333,99.69999695,100,100,100,
Middle East & North Africa,,,,,,,,,,,,,,,,,,,,,,,,,,,,,,,,,,,,,,,,,99.27651723,98.79646594,98.81587283,98.88905484,98.93722507,98.93982134,99.43724428,99.01647639,99.2426291,99.21706256,99.52501573,99.59639975,99.53066515,99.69928642,99.36422619,99.44603283,99.58910099,99.7266329,99.84350552,99.63842079,99.64505585,
Mexico,,,,,,,,,,,,,,,,,,,,,,,,,,,,,,,,,98.584698,99.08623505,99.25589,99.22938538,99.076735,99.32198334,99.17507,99.34043884,99.43071747,99.29040527,99.52617645,99.23563385,99.39008331,99.60558319,99.70586395,99.3155899,99.72595215,99.46038055,99.70355225,99.62000275,99.65000916,99.79684448,99.63725281,99.30000305,99.80000305,99.96255493,99.80000305,99.93105316,99.80000305,
Marshall Islands,,,,,,,,,,,,,,,,,,,,,,,,,,,,,,,,,,,,,,,,88.91218262,89.23912048,89.50411987,89.76778412,90.03707123,90.31892395,90.62028503,90.94599152,91.59999847,91.65402985,92.02498627,92.39964294,92.49703979,93.13734436,93.51378632,93.83175659,94.16370392,94.64579773,95.20745087,95.58795166,95.80902863,95.95038605,
Middle income,,,,,,,,,,,,,,,,,,,,,,,,,,,,,,,,,,,,,,,,,94.97481072,94.55319846,95.03535777,95.2717987,95.24867242,95.48879048,95.82946237,96.08525972,96.24628331,96.76685462,96.53058774,96.75299943,97.14554653,97.20065083,97.2288202,97.22899482,97.88106476,98.52439837,98.54342792,98.82947241,98.40322257,
North Macedonia,,,,,,,,,,,,,,,,,,,,,,,,,,,,,,,100,100,100,100,100,100,100,100,100,100,100,100,100,100,99.83000183,100,98,100,99.19000244,100,100,99.7947464,100,100,100,100,100,100,99.80000305,100,100,
Mali,,,,,,,,,,,,,,,,,,,,,,,,,,,,,,,,,,,,,21.5,24.68655205,27.69662285,30.68625832,33.69224548,37,39.60980988,42.57354736,45.54985046,48.54566193,47.40000153,54.60675049,57.66276169,57.86163712,74.34497833,75.96121216,76,78.91576385,80.16886139,83.09999847,82.97454834,84.98000336,,91.08195496,94.08895874,
Malta,,,,,,,,,,,,,,,,,,,,,,,,,,,,,,,100,100,100,100,100,100,100,100,100,100,100,100,100,100,100,100,100,100,100,100,100,100,100,100,100,100,100,100,100,100,100,
Myanmar,,,,,,,,,,,,,,,,,,,,,,,,,,,,,,,,,,,,,,,,,82.3495636,82.82338715,83.29588318,83.77400208,84.26468658,84.77487946,85.30941772,85.86472321,86.435112,87.01490021,89,88.24729156,88.93177795,89.47729492,85.5,90.80000305,92.30000305,92.55451965,92.11804962,92.51248169,93.03386688,
Middle East & North Africa (excluding high income),,,,,,,,,,,,,,,,,,,,,,,,,,,,,,,,,,,,,,,,,99.13471934,98.55988329,98.58242235,98.6710513,98.7264426,98.72735911,99.32147429,98.80701729,99.07561415,99.03924295,99.41552301,99.50251788,99.420473,99.62828255,99.21404933,99.31509442,99.49165635,99.66139392,99.80438895,99.55228737,99.5617958,
Montenegro,,,,,,,,,,,,,,,,,,,,,,,,,,,,,,,100,100,100,100,100,100,100,100,100,100,100,100,100,100,100,100,100,100,100,100,100,100,100,99.59999847,99.59999847,100,100,100,100,100,100,
Mongolia,,,,,,,,,,,,,,,,,,,,,,,,,,,,,,,,,,,,,,,,,97.08740234,97.09801483,97.1072998,99.5,97.14966583,97.90000153,97.26796722,97.36006165,97.46723175,97.58380127,96.07942963,94.15538788,97.93300629,97.80000305,98.11864471,98.19621277,98.33174133,98.95709991,99.69999695,99.68609619,99.69999695,
Northern Mariana Islands,,,,,,,,,,,,,,,,,,,,,,,,,,,,,,,99.79037476,99.84640503,99.90028381,99.94872284,99.98243713,100,100,100,100,100,100,100,99.85483551,99.80227661,99.7622757,99.74178314,99.74564362,100,100,100,100,100,100,100,100,100,100,100,100,100,100,
Mozambique,,,,,,,,,,,,,,,,,,,,,,,,,,,,,,,,,,,,,,25.8,18.1166153,20.67184639,23.22335243,20.10000038,28.27523232,25,33.34958649,35.91255569,38.49987411,37.5,38.88888931,43.09999847,56.46563339,54.5,60.00185013,61.59626007,68,68,66.21488953,60.5,72.19999695,72.38905334,74.96321869,
Mauritania,,,,,,,,,,,,,,,,,,,,,,,,,,,,,,,,,,,,,,,,,45.00902557,49.70000076,49.22350693,51.33570099,53.46046066,41.59999847,57.77334595,70.36633301,62.16719818,64.38105774,75.72939301,76.16088867,76.52289581,76.74594879,76.90000153,77.57722473,79.7444458,81.90595245,84.06363678,86.21941376,88.37487793,
Mauritius,,,,,,,,,,,,,,,,,,,,,,,,,,,,,,,100,100,100,100,100,100,100,100,100,99.99606323,100,99.9344101,100,99.77346802,99.69799042,99.64202118,99.61039734,99.59954834,99.60377502,99.61740112,99.63472748,99.77999878,99.79955292,99.78884125,99.63751984,99.61213684,99.59210968,99.61000061,99.64842987,100,99.40860748,
Malawi,,,,,,,,,,,,,,,,,,,,,,,,,,,,,,,,,19.8,19.02269173,20.17673683,21.32130432,22.45323181,23.56936455,24.66654205,25.74328423,28.70000076,27.83053017,28.88108826,37.14606094,30.20000076,32.09425735,23.56792068,34.34022141,35.48867035,36.64651489,34.70000076,32.59999847,37.09999847,36.59999847,46.09999847,48.70000076,42,57.5,50.38972092,45.5,53.98027039,
Malaysia,,,,,,,,,,,,,,,,,,,,,,,,,,,,,,,,,,,,,,,,,99.42598724,99.40261841,99.37792969,99.35884857,99.3523407,99.36533356,99.40267944,99.46080017,99.53398895,99.90000153,99.70288086,99.78720093,99.90000153,99.92120361,99.96666718,99.99090576,100,100,100,100,100,
North America,,,,,,,,,,,,,,,,,,,,,,,,,,,,,,,100,100,100,100,100,100,100,100,100,100,100,100,100,100,100,100,100,100,100,100,100,100,100,100,100,100,100,100,100,100,100,
Namibia,,,,,,,,,,,,,,,,,,,,,,,,,,,,,,,,,66,71,70.6857605,70.87373352,71.04906464,71.20860291,71.3491745,71.4693222,73.19999695,71.65339661,71.74720764,71.84663391,71.95863342,72.09013367,72.24598694,77.59999847,72.61430359,78.40000153,73.02020264,70.09999847,73.41818237,72.19999695,73.77288055,74.59999847,69.30000305,74.23816681,74.38308716,74.52610016,74.66879272,
New Caledonia,,,,,,,,,,,,,,,,,,,,,,,,,,,,,,,99.86621094,99.91825867,99.96175385,99.98839569,99.99834442,100,100,100,100,100,100,100,100,100,100,100,100,100,100,100,100,100,100,100,100,100,100,100,100,100,100,
Niger,,,,,,,,,,,,,,,,,,,,,,,,,,,,,,,,,26.7,31.8083744,33.02511215,34.23237228,35.42699432,36.6058197,36.5,38.90512466,40.6727829,41.12623978,42.23870087,43.35678101,44.48742676,45.63757706,47.20000076,48.00735092,49.21770096,50.43744659,63.08725739,59.90000153,61.79999924,59.09820938,57.4980278,60.20000076,58.84202576,60.00941467,47.63000107,50.12732697,48.39099884,
Nigeria,,,,,,,,,,,,,,,,,,,,,,,,,,,,,,,82.4,83.78395844,83.8470993,83.9070816,83.96074677,84.00492859,84.03647614,84.05222321,84.04901886,84.3,83.98390961,83.93312836,83.88101959,84.90000153,83.80059814,83.78617859,83.79611206,86.16287994,84.80000305,83.92776489,79.80000305,87.09999847,84.0927887,83.59999847,84.15563965,81.5,86,,,,83.90000153,
Nicaragua,,,,,,,,,,,,,,,,,,,,,,,,,,,,,,,,,,93.545318,91.52127838,91.90014648,92.26638031,92.61681366,90.707303,93.25933838,93.54890442,91.88602448,94.11447144,94.40221405,94.70251465,95.43199158,95.36649323,95.73142242,96.11143494,97.93714905,96.89395142,97.3764267,97.85522461,98.19506836,98.40680695,98.75026703,99.09304047,99.51927185,99.80741119,99.93611908,100,
Netherlands,,,,,,,,,,,,,,,,,,,,,,,,,,,,,,,100,100,100,100,100,100,100,100,100,100,100,100,100,100,100,100,100,100,100,100,100,100,100,100,100,100,100,100,100,100,100,
Norway,,,,,,,,,,,,,,,,,,,,,,,,,,,,,,,100,100,100,100,100,100,100,100,100,100,100,100,100,100,100,100,100,100,100,100,100,100,100,100,100,100,100,100,100,100,100,
Nepal,,,,,,,,,,,,,,,,,,,,,,,,,,,,,,,,,,,,,78.4,82.96616364,83.63855743,84.29051971,85.0817337,85.69999695,86.2151947,86.78688049,87.40000153,87.97489166,90.09999847,89.25188446,89.91584015,90.58919525,95.5,94.11000061,95.56912994,95.52176666,97.69999695,95.16212463,94.5,95.79003143,95.75,,94.19999695,
Nauru,,,,,,,,,,,,,,,,,,,,,,,,,,,,,,,95.40316772,95.60472107,95.80574036,96.00360107,96.19515228,96.37721252,96.54664612,96.70027924,96.83495331,96.94919586,96.9812851,97.07382965,97.16503906,97.26187134,97.37126923,97.50017548,97.65342712,97.82744598,98.01654816,98.21504974,98.41725159,99,99.06327057,99.23738861,99.25680542,99,99.59513855,99.8986969,99.86157227,100,100,
New Zealand,,,,,,,,,,,,,,,,,,,,,,,,,,,,,,,100,100,100,100,100,100,100,100,100,100,100,100,100,100,100,100,100,100,100,100,100,100,100,100,100,100,100,100,100,100,100,
OECD members,,,,,,,,,,,,,,,,,,,,,,,,,,,,,,,99.91088164,99.94316232,99.84071399,99.88511921,99.90108352,99.90513228,99.88918759,99.91162186,99.90114735,99.9129409,99.93101497,99.93189806,99.92704264,99.90588787,99.88769659,99.90900363,99.92281183,99.889831,99.94121771,99.92269869,99.96194272,99.95752821,99.95978506,99.97266141,99.96105895,99.92863215,99.97419349,99.98933537,99.97780473,99.99340518,99.98145273,
Oman,,,,,,,,,,,,,,,,,,,,,,,,,,,,,,,100,100,100,100,100,100,100,100,100,100,99.99742126,99.98335266,100,100,100,100,100,100,100,100,100,100,100,100,100,100,100,100,100,100,100,
Other small states,,,,,,,,,,,,,,,,,,,,,,,,,,,,,,,,,,,,,80.65080021,80.97148169,81.21060625,81.50834167,77.68307323,77.71198258,78.63525274,79.16567101,79.7391026,80.33153549,81.70563244,82.41702303,82.90412918,83.82026906,84.19347527,85.1274554,85.92239323,85.86911415,87.11025541,87.80011509,88.13526016,90.41707281,91.59504703,91.52805918,91.18007753,
Pakistan,,,,,,,,,,,,,,,,,,,,,,,,,,,,,,,,,,,,,,,93.14,93.44615936,93.72737885,94.0102005,94.29168701,94.57880402,94.87847137,95.19765472,95.5411911,95.90549469,96.28487396,96.67365265,97.06613159,97.45663452,97.83947754,98.21022797,98.5695343,98.91930389,99.26144409,99.59786224,99.82723236,99.95748901,100,
Panama,,,,,,,,,,,,,,,,,,,,,,,,,,,,,,,95.56,95.78044128,95.96505737,96.14652252,96.3216629,96.48732758,96.64035034,96.77758026,96.89585114,96.99369049,97.19000244,97.12621307,97.1960144,97.27143097,97.35941315,97.46690369,97.59873962,97.7513504,97.91903687,98.09612274,98.69999695,98.530159,98.69075012,98.30000305,98.93354797,99.07162476,99.20207214,99.32679749,99.44770813,99.56671143,99.68539429,
Peru,,,,,,,,,,,,,,,,,,,,,,,,,,,,,,,,,90.3,91.19944763,91.5978241,91.98672485,92,91.792103,93.421129,95.064564,95.16033936,92.36380768,93.83074951,93.76252747,94.30568695,94.65563965,96.16046906,95.80953979,97.04116821,97.47614288,98.1424942,98.37663269,98.62956238,98.77972412,98.88088989,98.87489319,98.90000153,98.90000153,99,99.08572388,100,
Philippines,,,,,,,,,,,,,,,,,,,,,,,,,,,,,,,,,,83.7,87.29000092,87.74851227,88.19439697,88.62447357,91.1,90.13870288,89.80089569,90.16217041,90.52210999,92,91.26580048,91.66342926,92.30000305,92.52816772,93.69999695,94.12999725,93.92416382,94.39311981,94.66000366,94.09999847,95.74137115,95.91000366,96.59017944,96.40000153,97.41610718,97.82524872,98.23407745,
Palau,,,,,,,,,,,,,,,,,,,,,,,,,,,,,,,98.56697845,98.66082764,98.75414276,98.84430695,98.92814636,99.00251007,99.0642395,99.11016846,99.13713837,99.14367676,99.09011841,99.07473755,99.0580368,99.04694366,99.04842377,99.69929504,99.11473846,99.18084717,99.26202393,99.35260773,99.44689178,99.53919983,98.49097443,99.69639587,100,99.8090744,100,100,100,100,100,
Papua New Guinea,,,,,,,,,,,,,,,,,,,,,,,,,,,,,,,,,,,,,63.1,60.6246109,61.43615341,62.2272644,62.52336121,63.40686798,64.28904724,65.17684937,66.07720947,66.99707794,61.29999924,68.90628815,69.88636017,69.59999847,71.19999695,72.96547699,74.34944153,75.59444427,76.68475342,77.8195343,79.30000305,80.53930664,81.73261261,82.76648712,83.59999847,
Poland,,,,,,,,,,,,,,,,,,,,,,,,,,,,,,,100,100,100,100,100,100,100,100,100,100,100,100,100,100,100,100,100,100,100,100,100,100,100,100,100,100,100,100,100,100,100,
Pre-demographic dividend,,,,,,,,,,,,,,,,,,,,,,,,,,,,,,,,,,,,,,,,62.14372721,59.67769704,59.84040793,61.23957405,62.33386224,62.89025707,63.86711111,64.55405714,66.69017169,65.42121437,66.40828194,67.42651366,71.51357942,71.51386187,71.58561893,71.22679074,71.38511656,74.38366029,71.22191873,72.03902597,74.17204373,77.30930136,
Puerto Rico,,,,,,,,,,,,,,,,,,,,,,,,,,,,,,,100,100,100,100,100,100,100,100,100,100,100,99.9993515,100,100,100,100,100,100,100,100,100,100,100,100,100,100,100,100,100,100,100,
"Korea, Dem. People's Rep.",,,,,,,,,,,,,,,,,,,,,,,,,,,,,,,,,,,,,,,,,,,,,,,,,,26,28,29,31,32,34,35,37,39,40,42,43.34545517,
Portugal,,,,,,,,,,,,,,,,,,,,,,,,,,,,,,,100,100,100,100,100,100,100,100,100,100,100,100,100,100,100,100,100,100,100,100,100,100,100,100,100,100,100,100,100,100,100,
Paraguay,,,,,,,,,,,,,,,,,,,,,,,,,,,,,,,,,,,,96.450145,97.16147614,97.566108,97.44839478,97.515368,97.67984009,97.92584229,97.75492859,97.80420685,97.53353882,98.39431,98.53639984,98.83353424,99.00904846,98.38894653,99.49593353,99.55590057,99.63866425,99.77143097,99.8319397,99.81533813,99.90000153,99.80000305,99.90000153,99.90000153,100,
West Bank and Gaza,,,,,,,,,,,,,,,,,,,,,,,,,,,,,,,,,,,,,,99.97423553,99.96713257,99.94165802,99.90000153,99.09999847,99.66312408,99.69999695,99.69999695,99.80000305,99.80000305,99.64431,99.90000153,99.90000153,99.90000153,99.94000244,99.94229889,99.97571564,99.80000305,99.99936676,100,99.90000153,100,100,100,
Pacific island small states,,,,,,,,,,,,,,,,,,,,,,,,,,,,,,,,,,,,,89.83418621,90.24685855,90.64212355,87.13140353,87.54521336,87.8546098,87.99279371,88.0049665,88.68131459,89.10562838,89.26518819,90.45391246,90.8121998,91.04835551,90.58223274,91.10030899,91.45283905,90.58255165,92.15913643,92.34192189,92.95315744,93.5047096,94.02480871,94.42192107,94.76094118,
Post-demographic dividend,,,,,,,,,,,,,,,,,,,,,,,,,,,,,,,99.9952185,99.99742493,99.9990772,99.99984012,100,100,100,100,100,100,99.99972997,99.9976325,99.99550718,99.9966228,99.99627677,99.99400326,99.99568861,99.99286558,99.99715675,99.99773935,99.99835247,99.99846508,99.99633799,99.99972413,99.9999189,99.99998851,100,100,100,99.99903798,99.9988498,
French Polynesia,,,,,,,,,,,,,,,,,,,,,,,,,,,,,,,100,100,100,100,100,100,100,100,100,100,100,100,100,100,100,100,100,100,100,100,100,100,100,100,100,100,100,100,100,100,100,
Qatar,,,,,,,,,,,,,,,,,,,,,,,,,,,,,,,100,100,100,100,100,100,100,100,100,100,100,100,100,100,100,100,100,100,100,100,100,100,100,100,100,100,100,100,100,100,100,
Romania,,,,,,,,,,,,,,,,,,,,,,,,,,,,,,,100,100,100,100,100,100,100,100,100,100,100,100,100,100,100,100,100,100,100,100,100,100,100,100,100,100,99.5,100,100,100,100,
Russian Federation,,,,,,,,,,,,,,,,,,,,,,,,,,,,,,,100,100,100,100,100,100,100,100,100,100,100,100,100,100,100,100,100,100,100,100,100,100,100,100,100,95.09999847,100,100,100,100,100,
Rwanda,,,,,,,,,,,,,,,,,,,,,,,,,,,,,,,,,31.1,18.07912636,20.39610291,22.70360184,24.99846268,27.27752686,29.5376358,31.77730942,38.90000153,35.85743332,38.16359329,40.47537231,42.79971313,25.10000038,47.51176834,49.90073776,28.10000038,54.71823502,44.5,58.20000076,67.59999847,61.5,71.80000305,72.90000153,79.97000122,84.80000305,84.34043884,87.97874451,86.40000153,
South Asia,,,,,,,,,,,,,,,,,,,,,,,,,,,,,,,,,,81.54577822,84.3062623,84.49656471,85.09214692,86.32847744,87.28178986,90.26138712,88.59799282,87.47010336,89.314629,89.83423294,90.03950258,90.95513254,91.95347904,92.02967998,92.90175353,95.14148454,93.94575571,93.22400439,95.83060362,95.82414164,96.67583633,97.2309808,97.92623318,98.93615162,98.92875174,99.5756738,99.72489158,
Saudi Arabia,,,,,,,,,,,,,,,,,,,,,,,,,,,,,,,100,100,100,100,100,100,100,100,100,100,100,100,99.99674988,99.98146057,100,100,100,100,100,100,100,100,100,100,100,100,100,100,100,100,100,
Sudan,,,,,,,,,,,,,,,,,,,,,,,,,,,,,,,66.1,63.8322258,64.12265015,64.409935,64.6909256,64.96247864,65.22145844,65.46469879,65.68907928,65.89311218,61.43956375,61.46058273,61.4803009,61.50554657,61.54315948,61.59997559,61.68076324,61.78199005,45.75,58,72.56378174,73.68878937,74.74487305,75.66311646,76.30000305,77.23205566,78.24075317,79.28094482,80.15145874,80.87204742,81.51765442,
Senegal,,,,,,,,,,,,,,,,,,,,,,,,,,,,,,,,,,58.6,65.72166443,66.88915253,68.04399872,68.9,70.30313873,72.8,74.63999939,73.5618515,74.16915894,75.71289825,76.80380249,80.40000153,83.59999847,80.20448303,81.37509155,83.40000153,83.91085815,87.80000305,86.22233582,87.80000305,85,86.90000153,87.69999695,91.69999695,93.5,95.19999695,95.17642975,
Singapore,,,,,,,,,,,,,,,,,,,,,,,,,,,,,,,100,100,100,100,100,100,100,100,100,100,100,100,100,100,100,100,100,100,100,100,100,100,100,100,100,100,100,100,100,100,100,
Solomon Islands,,,,,,,,,,,,,,,,,,,,,,,,,,,,,,,,,,,,,,,,55.1,59.05480194,59.63264847,60.20916367,60.79130173,61.38600159,62.00020981,61.20000076,68.59999847,63.97250748,71.37000275,65.34381866,66.02935028,66.70721436,60.40000153,68.02732849,67.59999847,69.30928802,71.09558105,73.30209351,75.34918213,77.31655121,
Sierra Leone,,,,,,,,,,,,,,,,,,,,,,,,,,,,,,,,,,,,,,,,,23.43357468,24.83407211,26.23324585,27.63803673,29.05539131,35.85185242,31.95346832,33.43544769,33.09999847,36.43896866,34.34035492,35.75,40.95783615,41.40000153,43.92325974,45.39070892,46.90000153,48.70000076,53.20000076,51.40000153,54.69330978,
El Salvador,,,,,,,,,,,,,,,,,,,,,,,,,,,,,,,,93.618226,94.34044647,94.55783844,94.76891327,94.981486,95.233394,95.33263397,95.731315,93.057406,96.09790039,97.11415863,97.27480316,96.49703217,96.47737122,96.45586395,97.19551086,97.08436584,96.485466,96.56759644,96.87158966,97.22973633,97.8460083,97.76119232,97.78821564,98,98.40000153,99,98.69999695,98.76000214,100,
San Marino,,,,,,,,,,,,,,,,,,,,,,,,,,,,,,,100,100,100,100,100,100,100,100,100,100,100,100,100,100,100,100,100,100,100,100,100,100,100,100,100,100,100,100,100,100,100,
Somalia,,,,,,,,,,,,,,,,,,,,,,,,,,,,,,,,,,,,,,,,,20.311203,22.83285141,22.20000076,27.87911415,30.41761971,32.97563171,38.11553192,38.161129,40.77933884,43.40694809,66.15644836,66.78538513,67.34484863,67.76535034,68.03115082,68.34143829,68.86225891,69.41220856,69.78100586,,70.12004089,
Serbia,,,,,,,,,,,,,,,,,,,,,,,,,,,,,,,100,100,100,100,100,100,100,100,100,100,100,100,100,100,100,99.76456451,100,100,100,100,99.86634827,100,100,99.93000031,99.81655884,99.90000153,100,100,100,99.90000153,100,
Sub-Saharan Africa (excluding high income),,,,,,,,,,,,,,,,,,,,,,,,,,,,,,,,,,,,,68.84947326,66.71836379,67.13445928,67.28442278,61.65579018,61.78383238,62.98959438,64.00151924,64.42901823,65.35462812,66.00331835,67.9517794,66.73448221,67.90882417,68.32124202,72.26817673,72.36502121,72.5104434,72.40670347,72.22129509,74.86534182,73.19003081,73.68404235,75.76302681,78.17951184,
South Sudan,,,,,,,,,,,,,,,,,,,,,,,,,,,,,,,,,,,,,,,,,8.20218277,8.36187458,8.520240784,8.684225082,8.86077404,9.05683136,9.277238846,9.518413544,9.774669647,16.60000038,4,10.57705688,10.83677006,11.08439732,11.32057858,11.54722214,11.76623631,9.600000381,12.28759384,13.11798859,13.86866856,
Sub-Saharan Africa,,,,,,,,,,,,,,,,,,,,,,,,,,,,,,,,,,,,,68.85821993,66.72712862,67.14289095,67.29257887,61.6631177,61.79088095,62.99637637,64.00780701,64.43499112,65.36026879,66.00878015,67.95675606,66.73959585,67.91361385,68.32594849,72.27205996,72.36882701,72.51413936,72.41041009,72.22498448,74.86861609,73.19445975,73.68856771,75.76707477,78.18211241,
Small states,,,,,,,,,,,,,,,,,,,,,,,,,,,,,,,,,,,,,83.83139642,83.68419816,83.93652008,84.26020913,81.90522569,82.0450696,82.66535492,82.97984789,83.42380214,83.78628126,84.7907879,85.44485563,86.15391567,86.52770891,86.76887748,87.56686571,88.22190759,88.05992299,89.08293259,89.68731804,90.06182792,91.97861272,93.02752597,92.94850508,92.5836638,
Sao Tome and Principe,,,,,,,,,,,,,,,,,,,,,,,,,,,,,,,,,,,,,,,,,64.0931778,63.99294662,64.57020569,65.1530838,65.74852753,66.36347961,67.0027771,67.66284943,68.33799744,69.80000305,69.71079254,70.39706421,65.30000305,71.74219513,75.80000305,73.0428009,73.68270874,73.51999664,76.69999695,77.44280243,78.44978333,
Suriname,,,,,,,,,,,,,,,,,,,,,,,,,,,,,,,,,,,,,,,,99.62406,97.84282684,97.79376984,97.74338531,97.69861603,97.66641998,97.65372467,95.63264465,97.69779968,97.74530792,97.80220795,97.19773102,97.92144012,97.97240448,98.10496521,98.15950775,98.25852966,98.56808472,98.9067688,99,99.06242371,98.9808197,
Slovak Republic,,,,,,,,,,,,,,,,,,,,,,,,,,,,,,,100,100,100,100,100,100,100,100,100,100,100,100,100,100,100,100,100,100,100,100,100,100,100,100,100,100,100,100,100,100,100,
Slovenia,,,,,,,,,,,,,,,,,,,,,,,,,,,,,,,100,100,100,100,100,100,100,100,100,100,100,100,100,100,100,100,100,100,100,100,100,100,100,100,100,100,100,100,100,100,100,
Sweden,,,,,,,,,,,,,,,,,,,,,,,,,,,,,,,100,100,100,100,100,100,100,100,100,100,100,100,100,100,100,100,100,100,100,100,100,100,100,100,100,100,100,100,100,100,100,
Eswatini,,,,,,,,,,,,,,,,,,,,,,,,,,,,,,,,,,,,,,,,,54.32450104,55.98641205,57.64699173,59.31319427,60.99195862,62.69023514,63.40000153,66.15625,67.91472626,72.63999939,65.41666412,73.22376251,74.98569489,76.73553467,84,80.59346008,80.98000336,85.59487152,87.92899323,90.1036911,92.19866943,
Sint Maarten (Dutch part),,,,,,,,,,,,,,,,,,,,,,,,,,,,,,,99.50241089,99.56900024,99.6350708,99.69797516,99.75456238,99.80167389,99.83615112,99.85482788,99.85454559,99.83383179,100,100,100,100,100,100,100,99.60758972,99.6634903,99.72878265,100,100,100,100,100,100,100,100,100,100,100,
Seychelles,,,,,,,,,,,,,,,,,,,,,,,,,,,,,,,,,,,98.86167145,98.93733215,99.00034332,99.04756927,99.07582855,99.08366394,99.18092346,99.15853882,99.13484192,99.11675262,99.11122894,99.12522125,99.16355896,99.22266388,99.29684448,99.3804245,99.4677124,99.58193207,99.78388214,99.54000092,100,100,100,100,100,100,100,
Syrian Arab Republic,,,,,,,,,,,,,,,,,,,,,,,,,,,,,,,,,,,,,,,,,99.22891235,99.29989624,99.5,99.44483948,99.5326767,99.64002991,99.75750732,99.89200592,99.96678162,99.99526215,100,100,100,100,100,100,100,100,100,100,100,
Turks and Caicos Islands,,,,,,,,,,,,,,,,,,,,,,,,,,,,,,,99.76225281,99.81891632,99.87506104,99.9241333,99.96471405,99.98918152,99.99842072,100,99.99740601,99.98365784,99.85800934,99.80758667,99.75584412,99.7097168,99.67614746,99.66209412,99.67238617,99.70345306,99.74959564,100,100,100,100,100,100,100,100,100,100,100,100,
Chad,,,,,,,,,,,,,,,,,,,,,,,,,,,,,,,,,,,,,,9.4,7.740236759,8.919991493,10.01809311,11.17584896,12.33227825,13.49432564,16.39999962,15.86305904,17.08152962,18.32076836,19.5750885,20.83880234,18.29999924,13.55000019,24.62944221,25.87513351,27.10937881,32.40000153,31.11620712,33.72877121,36.16019058,36.70000076,40.6244545,
East Asia & Pacific (IDA & IBRD countries),,,,,,,,,,,,,,,,,,,,,,,,,,,,,,,,,,,,,,,,,98.22354316,98.16856585,98.24476633,98.62980374,98.38565839,98.46756104,98.60084005,98.86202211,98.95002818,99.17710282,99.31444027,99.38437262,99.39317646,99.46583709,99.50059411,99.59889244,99.66051368,99.68519722,99.72850852,99.74761824,99.74230379,
Europe & Central Asia (IDA & IBRD countries),,,,,,,,,,,,,,,,,,,,,,,,,,,,,,,100,100,100,100,100,99.99584277,99.99770011,99.99005318,99.99010201,99.9622945,99.97496882,99.97560143,99.9790103,99.97659187,99.88284169,99.86851767,99.8649341,99.89053305,99.91008411,99.92934041,99.98549887,99.98324739,99.98615571,99.98288829,99.98926826,98.22071384,99.97194069,99.99223382,99.990539,99.98801303,99.98432083,
Togo,,,,,,,,,,,,,,,,,,,,,,,,,,,,,,,,,,,,,,,41.2,42.99958801,38.50896835,47.79424286,50.16879654,52.54896927,54.9417038,57.35394669,64.90000153,62.24790573,64.72035217,67.20218658,66.5039444,77.90000153,76.33013153,78.15425873,83.19999695,82.00621796,84.44141388,88.80000305,83.09999847,91.72031403,94.14375305,
Thailand,,,,,,,,,,,,,,,,,,,,,,,,,,,,,,,,,,,,,,,,,99.90000153,99.57407379,99.52216339,99.47587585,99.4421463,99.42793274,99.62600708,99.46896362,99.51494598,99.01000214,100,99.74147034,99.44982147,99.92329407,99.79920197,99.69999695,99.8243103,99.90000153,99.91000366,99.90000153,100,
Tajikistan,,,,,,,,,,,,,,,,,,,,,,,,,,,,,,,,,,,,,,,,99.92062378,99.69512177,99.80579376,99.70127106,99.90000153,99.51602936,99.69999695,99.40671539,99.38500214,99.37836456,99.3811264,99.38759613,99.39208984,99.80000305,99.3736496,99.34694672,98.5,99.26682281,99.19999695,99.19999695,99.10849762,99.05285645,
Turkmenistan,,,,,,,,,,,,,,,,,,,,,,,,,,,,,,,,,,,,,,,,,99.69999695,99.7053833,99.66433716,99.62890625,99.60604095,99.60268402,99.86911011,99.66543579,99.72228241,99.78852081,100,99.95980072,99.99195862,100,100,100,100,100,100,99.90000153,100,
Latin America & the Caribbean (IDA & IBRD countries),,,,,,,,,,,,,,,,,,,,,,,,,,,,,,,,,97.17150202,97.56291751,97.82941431,97.64139181,97.82894483,97.94449654,98.04897109,98.22275619,98.37438788,98.11956551,98.26705185,98.13348117,98.40592871,98.43461769,98.65705733,98.75666744,99.0037174,98.99527106,99.16193735,99.24168719,99.3228963,99.39272108,99.38017114,99.35030755,99.46079219,99.51482092,99.50665074,99.5961547,99.66115005,
Timor-Leste,,,,,,,,,,,,,,,,,,,,,,,,,,,,,,,,,,,,,,,,,69.50222015,71.10637665,72.709198,73.59999847,75.93865204,77.57917023,79.24403381,82.30000305,82.63037872,84.34049225,83.40000153,87.7661438,89.47032166,91.16240692,93.00547791,95.00086975,98.40000153,99.44185638,99.6858902,99.96511841,100,
Middle East & North Africa (IDA & IBRD countries),,,,,,,,,,,,,,,,,,,,,,,,,,,,,,,,,,,,,,,,,99.12432783,98.55253153,98.56764657,98.65691495,98.71302562,98.71254169,99.31484574,98.79537572,99.06408587,99.02715002,99.40869082,99.49631078,99.41302546,99.62331302,99.20566707,99.3053075,99.4843687,99.65795611,99.80142179,99.54576984,99.55536733,
Tonga,,,,,,,,,,,,,,,,,,,,,,,,,,,,,,,,,,,95.3883667,95.58621979,95.77143097,95.94084167,96.09130096,96.22132874,96.33734894,96.43993378,96.54119873,96.64807892,96.76752472,96.90647888,97.70999908,97.25385284,97.45300293,97.66155243,97.87380219,97.32290649,97.69999695,98.477211,98.65628815,100,98.62999725,99.85706329,99.92295837,99.99106598,100,
South Asia (IDA & IBRD),,,,,,,,,,,,,,,,,,,,,,,,,,,,,,,,,,81.54577822,84.3062623,84.49656471,85.09214692,86.32847744,87.28178986,90.26138712,88.59799282,87.47010336,89.314629,89.83423294,90.03950258,90.95513254,91.95347904,92.02967998,92.90175353,95.14148454,93.94575571,93.22400439,95.83060362,95.82414164,96.67583633,97.2309808,97.92623318,98.93615162,98.92875174,99.5756738,99.72489158,
Sub-Saharan Africa (IDA & IBRD countries),,,,,,,,,,,,,,,,,,,,,,,,,,,,,,,,,,,,,68.85821993,66.72712862,67.14289095,67.29257887,61.6631177,61.79088095,62.99637637,64.00780701,64.43499112,65.36026879,66.00878015,67.95675606,66.73959585,67.91361385,68.32594849,72.27205996,72.36882701,72.51413936,72.41041009,72.22498448,74.86861609,73.19445975,73.68856771,75.76707477,78.18211241,
Trinidad and Tobago,,,,,,,,,,,,,,,,,,,,,,,,,,,,,,,,,,,,,,,,,100,99.98484802,99.953125,99.90772247,99.85557556,99.82737732,100,100,100,100,100,100,100,100,100,100,100,100,100,100,100,
Tunisia,,,,,,,,,,,,,,,,,,,,,,,,,,,,,,,,,,,99.87078857,99.9045105,99.92707825,99.93341064,99.92832184,99.90794373,99.85667419,99.80445862,99.75092316,99.70300293,99.66764832,99.66999817,99.66030121,100,99.73392487,99.78766632,99.93000031,99.79173279,99.94215393,99.97493744,99.99280548,99.90000153,100,100,99.90000153,100,100,
Turkiye,,,,,,,,,,,,,,,,,,,,,,,,,,,,,,,,,,,,,,,,,100,100,100,100,99.44896698,99.45655823,99.48849487,99.54120636,99.60899353,99.68617249,100,100,100,100,100,100,100,100,100,100,100,
Tuvalu,,,,,,,,,,,,,,,,,,,,,,,,,,,,,,,,,,,,,,,,,95.98860931,96.14983368,95.40000153,96.47525787,96.65333557,96.85092926,97.07286835,98.59999847,97.57337189,97.84055328,98.11144257,98.40834045,98.81656647,98.93532562,99.128479,99.35665894,99.57720947,99.79203033,99.92158508,99.80000305,100,
Tanzania,,,,,,,,,,,,,,,,,,,,,,,,,,,,,,,,,23.9,22.29055023,23.86634827,25.43266678,35.5,28.52423286,30.04316139,27.3,32.98467636,34.44345093,35.90089798,36.5,38.90000153,40.33473206,41.85422134,43.39447784,40.09999847,43.5,46.20000076,42.90000153,46.40000153,50.29999924,53.59999847,57.84166718,65.30000305,64.23184967,67.26036072,70.12944031,72.90000153,
Uganda,,,,,,,,,,,,,,,,,,,,,,,,,,,,,,,,33.6,32.10887146,33.26917648,34.42316055,40.2,36.69953537,37.81560898,38.91272354,39.98940659,41.01221848,43.90000153,39.29999924,44.22984695,45.31825638,49,41.79999924,48.71147919,49.87959671,45,48,55.40000153,54.58914185,55.74863052,51.40000153,51.90000153,57.5,63.55837631,71.98000336,70.80000305,69.8710022,
Ukraine,,,,,,,,,,,,,,,,,,,,,,,,,,,,,,,100,100,100,100,100,100,100,100,100,100,100,100,100,100,100,99.94476318,100,99.90000153,100,100,100,100,99.91589355,100,100,100,100,100,100,100,100,
Upper middle income,,,,,,,,,,,,,,,,,,,,,,,,,,,,,,,,,,,,,,,,,99.08127594,98.96800684,99.03438792,99.06157003,99.02696167,99.07874711,99.16064192,99.21071605,99.33653808,99.36426521,99.48802319,99.5103066,99.53349655,99.5703675,99.57141984,99.22293775,99.5991803,99.63092915,99.62286856,99.65435898,99.67019678,
Uruguay,,,,,,,,,,,,,,,,,,,,,,,,,,,,,,,,,98.379169,98.9462204,99.02806091,99.097572,99.315544,99.310103,99.337214,99.23358917,99.33748627,99.18907166,99.167099,99.15073395,99.14694214,99.16265869,99.32807159,99.39160919,99.47283936,99.5,99.59999847,99.43000031,99.80000305,99.75260162,99.77806854,99.80620575,99.80000305,99.80000305,99.80000305,99.90000153,100,
United States,,,,,,,,,,,,,,,,,,,,,,,,,,,,,,,100,100,100,100,100,100,100,100,100,100,100,100,100,100,100,100,100,100,100,100,100,100,100,100,100,100,100,100,100,100,100,
Uzbekistan,,,,,,,,,,,,,,,,,,,,,,,,,,,,,,,,,,,,,100,99.8302002,99.87149811,99.8923645,99.89580536,99.89634705,99.90000153,99.90684509,99.92647552,99.95623779,99.79183197,99.99716949,100,100,100,100,100,100,100,100,100,100,100,100,100,
St. Vincent and the Grenadines,,,,,,,,,,,,,,,,,,,,,,,,,,,,,,,,80.52237701,81.22592926,81.92633057,82.6204071,83.30500793,83.97696686,84.63313293,85.2703476,85.88712311,86.54364777,86.66999817,87.69181061,88.27084351,88.86244965,89.47355652,90.10901642,91.23000336,91.43654633,92.11724854,92.80165863,93.48408508,94.15885162,94.8215332,95.47276306,96.11445618,96.7485199,97.3768692,100,100,100,
"Venezuela, RB",,,,,,,,,,,,,,,,,,,,,,,,,,,,,,,,,99.940829,99.55133057,99.62576294,99.7,99.74303436,99.7,99.3,99.5,99.90000153,100,99.80000305,99.63088226,99.60926819,99.60715485,99.62939453,99.67240143,99.73049164,99.79797363,99.86916351,99.93153381,99.97639465,99.9961319,100,100,100,100,100,100,100,
British Virgin Islands,,,,,,,,,,,,,,,,,,,,,,,,,,,,,,,95.46631622,95.67889404,95.89093781,96.099823,96.30238342,96.49547577,96.67592621,96.8405838,96.98628235,97.11154175,97.72564697,97.79324341,97.8595047,97.93138885,98.01583862,98.11979675,98.24810028,98.39717865,98.5613327,98.73488617,99.10069275,99.41411591,99.6580658,99.76306152,99.71335602,100,100,100,100,100,100,
Virgin Islands (U.S.),,,,,,,,,,,,,,,,,,,,,,,,,,,,,,,100,100,100,100,100,100,100,100,100,100,100,100,100,100,100,100,100,100,100,100,100,100,100,100,100,100,100,100,100,100,100,
Vietnam,,,,,,,,,,,,,,,,,,,,,,,,,,,,,,,,,,,,,,98.6,98.98194122,99.02344513,99.07267761,99.08232117,99.40000153,99.10456085,99.13105774,99.59999847,99.09999847,99.33853912,99.4447403,99.59999847,99.87999725,100,99.80000305,99.96396637,99.90000153,100,100,100,100,100,100,
Vanuatu,,,,,,,,,,,,,,,,,,,,,,,,,,,,,,,,,,,73.46308899,74.2180481,74.9603653,75.68688965,76.39445496,77.08158875,77.78160095,78.43797302,79.09301758,79.753685,80.4269104,81.11965179,82.77999878,84.60292053,83.32752991,82.34533691,82.30000305,85.6199646,86.37635803,86.19999695,87.99452972,89.22180939,91.40000153,92.1265564,93.41235352,94.53871918,95.5853653,
World,,,,,,,,,,,,,,,,,,,,,,,,,,,,,,,,,,94.3282606,94.79874364,94.76908328,94.59849807,94.67375146,94.50810233,94.97873166,94.93831973,94.64991901,94.96900289,95.13505405,95.10761281,95.27169567,95.50161171,95.65730844,95.68966791,95.81063805,95.70967831,95.93796774,96.28683816,96.29098799,96.34474856,96.25242289,96.74429337,97.26297078,97.39411151,97.61760523,97.23523985,
Samoa,,,,,,,,,,,,,,,,,,,,,,,,,,,,,,,,97.08071136,97.23141479,97.37895966,97.52017975,97.65193176,97.77103424,97.8743515,97.95870209,98.02262878,98.09404755,98.12830353,98.16123199,98.1997757,98.25088501,98.32150269,98.572258,98.5322113,98.19999695,99.69999695,98.94715881,98.68250275,99.22337341,99.34555817,99.40000153,99.55751038,99.6510849,99.87259674,99.99607086,99.90000153,99.98691559,
Kosovo,,,,,,,,,,,,,,,,,,,,,,,,,,,,,,,100,100,100,100,100,100,100,100,100,100,,,,,,,,,,,,,99.88999939,100,99.86000061,99.93000031,99.80000305,100,,99.90000153,,
"Yemen, Rep.",,,,,,,,,,,,,,,,,,,,,,,,,,,,,,,,,91.2,91.62909698,91.72691345,91.81526184,91.89096832,89.8,91.99183655,92.01235962,92.0068512,92.00179291,91.9954071,91.99463654,91.58999634,91.05000305,94.96466064,92.16981506,92.26132202,92.36222076,100,99.71286011,99.49117279,98.5,95.91999817,93.07569885,92.93487549,92.9834137,,93.07095337,93.11345673,
South Africa,,,,,,,,,,,,,,,,,,,,,,,,,,,,,,,,,,,,,85.29832458,85.41510773,84.2,85.5903244,85.67829132,85.77429962,85.86898041,87.69999695,86.08214569,86.21452332,86.37124634,86.54873657,86.74131012,86.94327545,87.1489563,87.35264587,87.54868317,87.73262024,87.90512085,88.06808472,88.22341156,88.37302399,88.51881409,88.66270447,88.80626678,
Zambia,,,,,,,,,,,,,,,,,,,,,,,,,,,,,,,34.7,35.10939026,39.2,37.58665085,38.81738281,40.03863525,44.1,42.44007111,48,44.7673645,44.09999847,47.02407074,45.09999847,48,47.59999847,51.58969879,52.777771,47.79999924,55.21053696,56.44385529,49.79999924,58.91592789,60.14330673,61.35860062,61.5,67.69999695,69.96141052,75.19999695,76.46187592,79.4621048,82.38262177,
Zimbabwe,,,,,,,,,,,,,,,,,,,,,,,,,,,,,,,,,85.47966003,85.51948547,80.4,85.57701874,85.58840942,85.58400726,85.56063843,87.4,85.42392731,85.36461639,85.3039856,85.24897003,85.20652008,85.18357849,91.40000153,85.20716095,85.24442291,90.86193848,85.34143066,83.19999695,85.43052673,85.45915222,83.40000153,81.19999695,85.48399353,85.47828674,85.46876526,85.45733643,85.71547699,
